Sleep,Wake,,,,,寝た時間,起きた時間
-14.5,5,,,,,0.5,5
-18.75,3.75,,,,,-3.75,3.75
-12.5,8,,,,,2.5,8
-15,6.5,,,,,0,6.5
-17,6.5,,,,,-2,6.5
-13.5,8,,,,,1.5,8
-12.5,9,,,,,2.5,9
-13,6.5,,,,,2,6.5
-12.5,7,,,,,2.5,7
-15,7.5,,,,,0,7.5
-14.5,8,,,,,0.5,8
-13.5,8,,,,,1.5,8
-14.5,6,,,,,0.5,6
-14.5,7,,,,,0.5,7
-16.75,5.75,,,,,-1.75,5.75
-14.5,7,,,,,0.5,7
-15,6.5,,,,,0,6.5
-15.5,5,,,,,-0.5,5
-17.5,4,,,,,-2.5,4
-15.25,6.25,,,,,-0.25,6.25
-12.5,9,,,,,2.5,9
-16,6.5,,,,,-1,6.5
-15.5,8,,,,,-0.5,8
-15,6.5,,,,,0,6.5
-15,6.5,,,,,0,6.5
-12,8.5,,,,,3,8.5
-15,6.5,,,,,0,6.5
-8.5,11,,,,,6.5,11
-14.5,6,,,,,0.5,6
-14.25,6.25,,,,,0.75,6.25
-15,5.5,,,,,0,5.5
-14,7.5,,,,,1,7.5
-12,7.5,,,,,3,7.5
-17,5.5,,,,,-2,5.5
-14.25,7.25,,,,,0.75,7.25
-14.5,7,,,,,0.5,7
-16.5,6,,,,,-1.5,6
-13.75,6.75,,,,,1.25,6.75
-13.5,7,,,,,1.5,7
-9.5,12,,,,,5.5,12
-15.5,7,,,,,-0.5,7
-12.5,8,,,,,2.5,8
-15.5,7,,,,,-0.5,7
-11.5,10,,,,,3.5,10
-15,6.5,,,,,0,6.5
-13,8.5,,,,,2,8.5
-11.5,9,,,,,3.5,9
-13.5,8,,,,,1.5,8
-11.5,9,,,,,3.5,9
-15.5,6,,,,,-0.5,6
